origin,destination,aircraft_range,org_lat,org_long,dest_lat,dest_long
CSX,TNA,3260.0,28.1892,113.22,36.8572,117.216
INC,WUH,3260.0,38.3228,106.393,30.7838,114.208
URC,YTW,3010.0,43.9071,87.4742,36.812,81.7817
PVG,HND,7354.0,31.1434,121.805,35.5533,139.781
IDR,VNS,1698.0,22.7218,75.8011,25.4524,82.8593
BOM,JDH,3995.0,19.0887,72.8679,26.2511,73.0489
PHS,DMK,3491.0,16.7829,100.279,13.9126,100.607
YIA,CGK,3491.0,-7.90534,110.057,-6.12556,106.656